cote,auteur,titre,adresse,description_tech,descrip_matiere
DIS.001,GROUPE REVUE FIDUCIAIRE,Archiver dans une entreprise privée commerciale,"Paris : GRF, s.d.",1 disquette : format RTF word PC,/ARCHIVES//ENTREPRISE PRIVEE//COMMERCE/
DIS.002,GROUPE REVUE FIDUCIAIRE,Consultation des archives dans une entreprise privée,"Paris : GRF, s.d.",1 disquette : format RTF word PC,/ARCHIVES//ENTREPRISE PRIVEE//COMMERCE/
DVD.001,SONABHY,Pourquoi la folie des pompes ?,"[ouagadougou] : SONABHY, 2007","1 DVD : 52 min, coul.",/PRIX DU
CDR.001,BURKINA FASO (MPDH),Code de protection de l'enfance : recueil des textes,"Ouagadougou : MPDH, 2006",1 CD-ROM : 700 mb / 80 min,/ENFANCE//DROIT HUMAIN/
CDR.002,HERMES ; LAVOISIER,Catalogue complet : plus de 2000 ouvrages,"Paris : HERMES, LAVOISIER, 2005",1 cd rom,/CATALOGUE//DOCUMENTATION//INFORMATION DOCUMENTAIRE/
CDR.003,AFNOR,Records management : gestion et conservation des,"Saint-Denis la Plaine : AFNOR, 2004",1 cd rom,/GESTION DOCUMENTAIRE//RECORDS
CDR.004,INSTITUT FRANCAIS DE PETROLE,Economie de la chaîne pétrolière,"Paris : IFP, s.d.","730 mb, 80 min",/ECONOMIE PETROLIERE//PETROLE//PRODUCTION
CDR.005,INSTITUT FRANCAIS DE PETROLE,Les marchés pétroliers,"Paris : IFP, s.d.","730 mb, 80 min",/MARCHE PETROLIER//PETROLE//PRIX DU BARIL/
CDR.006,CONSEIL BURKINABE DES CHARGEURS,Incidences crise ivoirienne ; desserte maritime,"Ouagadougou : CBC, 2004",1 cd-rom,/TRANSPORT//DESSERTE MARITIME//CRISE ECONOMIQUE/
CDR.007,LIAISONS SOCIALES,Jurisprudence sociale et code du travail,"Ruel-Malmaison : Groupe LIAISONS SA, 2004",1 cd rom,/JURISPRUDENCE//CODE DU TRAVAIL//LEGISLATION SOCIALE/
CDR.008,LIAISONS SOCIALES,"Les archives du quotidien 2001, 2002, 2003","Ruel-Malmaison : Groupe LIAISONS, 2004",1 cd rom,/ARCHIVES//GESTION
CDR.009,AIF ; IEPF,"Informations, références et textes choisis sur le","s.l. : IEPF, 2002",1 cd rom,/DEVELOPPEMENT DURABLE//DEVELOPPEMENT ECONOMIQUE ET
CDR.010,GROUPE REVUE FIDUCIAIRE,"Le formulaire de l'entreprise juridique, commercial,","Paris : GRF, 2008",1cd-rom,/ENTREPRISE//DROIT//COMMERCE//SOCIAL//FISCALITE/
CDR.011,BURKINA FASO (MCPEA),Balance commerciale et commerce extérieur 1997-2002,"Ouagadougou : MCPEA, 2006",1 cd-rom ; 299p,/COMMERCE//COMMERCE EXTERIEUR//BALANCE COMMERCIALE/
CDR.012,INSTITUT NATIONAL DE LA STATISTIQUE ET DE LA,"Les comptes économiques de la nation , série de","Ouagadougou : INSD, 2009.",,/ECONOMIE//COMPTE//RESSOURCE FINANCIERE//MATERIEL/
CDR.013,INSTITUT NATIONAL DE LA STATISTIQUE ET DE LA,La population du Burkina Faso de 1997-2006 : par,"Ouagadougou : INSD, 2009.",,/RECENSEMENT//POPULATION//STATISTIQUE//DEMOGRAPHIE/
CDR.014,INSTITUT NATIONAL DE LA STATISTIQUE ET DE LA,Projections demographiques de 2007 à 2020 : par région,"Ouagadougou : INSD, 2009.",,/PROJECTION
CDR.015,INSTITUT NATIONAL DE LA STATISTIQUE ET DE LA,"Conceptions, définitions, indicateurs, méthodologies,","Ouagadougou : INSD, 2009.",,/STATISTIQUE//METHODOLOGIE//DEMOGRAPHIE/
CDR.016/DVD.002,SONABHY,Cérémonie de présentation de voeux du personnel de la,"Ouagadougou : SONABHY, 2010.",,/PRESENTATION//VOEUX//SONABHY/
CDR.017,CHAMBRE DE COMMERCE ET D'INDUSTRIE DU BURKINA FASO,Récueil des notes sectorielles 2009-2010,Ouagadougou : Chambre de Commerce et d'Industrie du,39p : ill. en coul.,/TOURISME//TRANSPORT//ENERGIE//ELEVAGE//ECONOMIE/
CDR.018,SONABHY,SERIE D'ENTRETIENS AVEC LES RESPONSABLES DE LA SONABHY,"[ OUAGADOUGOU ] : SONABHY, 2008",02H 04MN,/TRAORE OULA//PRODUCTION PETROLIERE//OUEDRAOGO
CDR.019,,Rapport annuel = annual report 1999,,"CDROM ; 56,6 MO",/DEVELOPPEMENT ECONOMIQUE ET
PHO.001,SONABHY,PRESENTATION DE VOEUX,,"PHO. 12,5/8,5 ET 18/12,5cm, EN COUL.",/PRESENTATION// VOEUX/
PHO.002,SONABHY,PRESENTATION DE VOEUX,,"PHO.16,5/12,5cm; EN COUL.",/PRESENTATION//VOEUX//YAMEOGO JOSEPH GERMAIN/
PHO.003,SONABHY,PRESENTATION DE VOEUX,,"PHO.18/12,5cm; EN COUL.",
PHO.004,SONABHY,PRESENTATION DE VOEUX,,"PHO.16/12,5cm; EN COUL.",/PRESENTATION//VOEUX//YAMEOGO JOSEPH GERMAIN/
PHO.005,SONABHY,PRESENTATION DE VOEUX,,"PHO.16/12,5cm; EN COUL.",/PRESENTATION//VOEUX/
PHO.006,SONABHY,PRESENTATION DE VOEUX,,"PHO.28/32cm,15/21cm,12,5/16cm; EN COUL.",/PRESENTATION//VOEUX/
PHO.007,SONABHY,PRESENTATION DE VOEUX,,"PHO.16/12,5cm; EN COUL.",/PRESENTATION//VOEUX/
PHO.008,SONABHY,PRESENTATION DE VOEUX,,"PHO.16/12,5cm; EN COUL.",/PRESENTATION//VOEUX/
PHO.009,SONABHY,PRESENTATION DE VOEUX,,"PHO.16/12,5cm; EN COUL.",/PRESENTATION//VOEUX/
PHO.010,SONABHY,PRESENTATION DE VOEUX,,"PHO.16/12,5cm; EN COUL.",/PRESENTATION//VOEUX/
PHO.011,SONABHY,PRESENTATION DE VOEUX,,"PHO.16/12,5cm; EN COUL.",/PRESENTATION//VOEUX/
PHO.012,SONABHY,PRESENTATION DE VOEUX,,"PHO.15,5/12,5cm; EN COUL.",/PRESENTATION//VOEUX/
PHO.013,SONABHY,PRESENTATION DE VOEUX,,"PHO.16/12,5cm; EN COUL.",/PRESENTATION//VOEUX/
PHO.014,SONABHY,PRESENTATION DE VOEUX,,"PHO.16/12,5cm; EN COUL.",/PRESENTATION//VOEUX/
PHO.015,SONABHY,INAUGURATION,,"PHO.15/10,5cm, 18/12,5cm; EN COUL",/INAUGURATION//THOMBIANO/
PHO.016,SONABHY,INAUGURATION,,"PHO.16/12,5cm; EN COUL.",/INAUGURATION/
PHO.017,SONABHY,INAUGURATION DE NOUVELLE INSTALLATION AU DEPOT DE BOBO,,"PHO.15,5/12,5cm; EN COUL.",/INAUGURATION//INSTALLATION//BOBO/
PHO.018,SONABHY,INAUGURATION,,"PHO.12,5/8,5cm; EN COUL.",/INAUGURATION/
PHO.019,SONABHY,INAUGURATION,,"PHO.12,5/8,5cm; EN COUL.",/INAUGURATION/
PHO.020,SONABHY,INAUGURATION,,"PHO.17,5/12,5cm; EN COUL.",/INAUGURATION/
PHO.021,SONABHY,INAUGURATION,,"PHO.15,5/12,5cm; EN COUL.",/INAUGURATION/
PHO.022,SONABHY,INAUGURATION,,"PHO.15,5/12,5cm; EN COUL.",/INAUGURATION/
PHO.023,SONABHY,INAUGURATION,,"PHO.16,5/12,5cm; EN COUL.",/INAUGURATION/
PHO.024,SONABHY,ARBRE DE NOEL DES ENFANTS,,"PHO.16/12,5cm; EN COUL..",/ARBRE//NOEL//ENFANT/
PHO.025,SONABHY,ARBRE DE NOEL DES ENFANTS,,"PHO.16/12,5cm; EN COUL.",/ARBRE//NOEL//ENFANT/
PHO.026,SONABHY,ARBRE DE NOEL DES ENFANTS,,"PHO.15/12,5cm; EN COUL.",/ARBRE//NOEL// ENFANT/
PHO.027,SONABHY,ARBRE DE NOEL DES ENFANTS,,"PHO.16/12,5cm; EN COUL.",/ARBRE//NOEL//ENFANT/
PHO.028,SONABHY,ARBRE DE NOEL DES ENFANTS,,"PHO.16/12,5cm; EN COUL.",/ARBRE//NOEL//ENFANT/
PHO.029,SONABHY,ARBRE DE NOEL DES ENFANTS,,"PHO.16/12,5cm; EN COUL.",/ARBRE//NOEL//ENFANT/
PHO.030,SONABHY,ARBRE DE NOEL DES ENFANTS,,"PHO.16/12,5cm; EN COUL.",/ARBRE//NOEL//ENFANT/
PHO.031,SONABHY,ARBRE DE NOEL DES ENFANTS,,"PHO.18/12,5cm; EN COUL",/ARBRE//NOEL//ENFANT/
PHO.032,SONABHY,PRESENTATION DE SIEGE ET DEPOT,,"PHO.16,5/12cm; EN COUL.",/PRESENTATION//SIEGE//DEPOT/
PHO.033,SONABHY,PRESENTATION DE SIEGE ET DEPOT,,"PHO.12,5/16cm; EN COUL.",/PRESENTATION//SIEGE//DEPOT/
PHO.034,SONABHY,JOURNEE PROMOTIONNELLE-GAZ,,"PHO.8,5/12,5cm, 11/16cm; EN COUL.",/GAZ//PROMOTIONNELLE//JOURNEE/
PHO.035,SONABHY,"JOURNEE""PORTES OUVRTES""",,"PHO.12,5/17,5cm; EN COUL.",/JOURNEE//PORTE//OUVERTE/
PHO.036,SONABHY,CONVENTION DU PERSONNEL SUR LE PLAN STRATEGIQUE,,"PHO.12,5/17,5cm; EN COUL.",/CONVENTION//PLAN STRATEGIQUE//SONABHY//RESSOURCE
PHO.037,SONABHY,CONVENTION DU PERSONNEL SUR LE PLAN STRATEGIQUE,,"PHO.12/18cm, 8/12cm; EN COUL. ET NOIR-BLANC",/CONVENTION//PLAN STRATEGIQUE//SONABHY//RESSOURCE
PHO.038,SONABHY,INCENDIE AU DEPOT DE BINGO,,"PHO.12,5/18cm; EN COUL.",/DEPOT DE BINGO//INCENDIE/
PHO.039,,ABNVS FAIR PLAY: CERTIFICATION DE RECONNAISSANCE A,,"PHO.17,5/12cm; EN COUL.",/ABNVS FAIR PLAY//YAMEOGO JEAN HUBERT//RECONNAISSANCE/
CDR.020,MICROSOFT LICENSING,Microsoft Windows Server 2003,"Ouagadougou : MICROSOFT CORPORATION, 2003",7 CD,
CDR.021,MICROSOFT LICENSING,Microsoft Exchange 2003,"Ouagadougou : MICROSOFT CORPORATION, 2003",/MICROSOFT//LICENCE//WINDOWS//EXCHANGE/,
CDR.022,MICROSOFT LICENSING,Microsoft Corporate Error Reporting,"Ouagadougou : MICROSOFT CORPORATION, 2003",1 CD,/MICROSOFT//LOGICIEL//WINDOWS/
CDR.023,MICROSOFT LICENSING,Microsoft Exchange Server 2003 : Intelligent Message,"Ouagadougou : MICROSOFT CORPORATION, 2004",,/MICROSOFT//WINDOWS//EXCHANGE//SERVEUR/
CDR.024,MICROSOFT LICENSING,Microsoft Windows : Preinstallation Environnement 2004,"Ouagadougou : MICROSOFT CORPORATION, 2004",,/MICROSOFT//WINDOWS//ENVIRONNEMENT//LOGICIEL/
CDR.025,MICROSOFT LICENSING,Microsoft Windows : Préinstallation Environnement 2004,"Ouagadougou : MICROSOFT CORPORATION, 2005",,/MICROSOFT//WINDOWS//LOGICIEL//ENVIRONNEMENT/
CDR.026,MICROSOFT LICENSING,Microsoft : SQL Server 2005,"Ouagadougou : MICROSOFT CORPORATION, 2006",,/MICROSOFT//SQL//SERVEUR//LOGICIEL/
CDR.027,MICROSOFT LICENSING,Microsoft : SQL Server 2005,"Ouagadougou : MICROSOFT CORPORATION, 2006",CD 1 et 2,/MICROSOFT//SQL//SERVEUR/
CDR.028,MICROSOFT LICENSING,Microsoft Windows Server 2003 R2 : Servers Windows,"Ouagadougou : MICROSOFT CORPORATION, 2006",Standard x64 Edition,/MICROSOFT//WINDOWS//SERVEUR/
CDR.029,MICROSOFT LICENSING,Microsoft Virtual PC Express Early Release,"Ouagadougou : MICROSOFT CORPORATION, 2006",,/MICROSOFT//ASSURANCE//LOGICIEL//MATERIEL INFORMATIQUE/
DVD.003,MICROSOFT LICENSING,Microsoft SQL Server 2005,"Ouagadougou : MICROSOFT CORPORATION, 2006",1 CD,/MICROSOFT//SQL//SERVEUR//LOGICIEL/
DVD.004,MICROSOFT LICENSING,Microsoft SQL Server 2005,"Ouagadougou : MICROSOFT CORPORATION, 2006",1 DVD,/MICROSOFT//SQL//SERVEUR/
DVD.005,MICROSOFT LICENSING,Microsoft SQL Server 2005,"Ouagadougou : MICROSOFT CORPORATION, 2006",1 DVD,/MICROSOFT//SQL//SERVEUR//LOGICIEL/
CDR.030,MICROSOFT LICENSING,Microsoft Windows Server 2003 R2 : Servers Windows,"Ouagadougou : MICROSOFT CORPORATION, 2007","CD 1 et 2, entreprise éd.",/MICROSOFT//WINDOWS//SERVEUR/
DVD.006,MICROSOFT LICENSING,Microsoft Office Professional Plus 2007 ; Applications,"Ouagadougou : MICROSOFT CORPORATION, 2007",,/MICROSOFT OFFICE//PROFESSION//LOGICIEL/
DVD.007,MICROSOFT LICENSING,Microsoft Windows Server TM 2003 for Itanium Based,"Ouagadougou : MICROSOFT CORPORATION, 2007",,/MICROSOFT//WINDOWS//SERVEUR/
DVD.008,MICROSOFT LICENSING,Microsoft Windows Vista TM Enterprise : systems,"Ouagadougou : MICROSOFT CORPORATION, 2007",,/MICROSOFT//WINDOWS VISTA//ASSURANCE//ENTREPRISE/
DVD.009,MICROSOFT LICENSING,Microsoft Windows Vista TM Business : systems Windows,"Ouagadougou : MICROSOFT CORPORATION, 2007",,/MICROSOFT//WINDOWS VISTA//CLIENTELE//AFFAIRE/
DVD.010,MICROSOFT LICENSING,Microsoft system center OPS Manager Server 2007 :,"Ouagadougou : MICROSOFT CORPORATION, 2007",,/MICROSOFT//SERVEUR//MANAGEMENT//LOGICIEL/
DVD.011,MICROSOFT LICENSING,Microsoft Office SharePoint Server 2007 : Servers,"Ouagadougou : MICROSOFT CORPORATION, 2007",,/MICROSOFT OFFICE//SHAREPOINT//SERVEUR//LOGICIEL/
DVD.012,MICROSOFT LICENSING,"Server Applications : Microsoft SharePoint, Microsoft","Ouagadougou : MICROSOFT CORPORATION, 2007",,/SERVEUR//MICROSOFT//SHAREPOINT//OFFICE
DVD.013,MICROSOFT LICENSING,Microsoft Windows Server TM 2008 : Servers Windows 2008,"Ouagadougou : MICROSOFT CORPORATION, 2008",Standard x64 édition,/MICROSOFT//WINDOWS//SERVEUR/
DVD.014,MICROSOFT LICENSING,Microsoft System Center OPS Manager Server 2007 with,"Ouagadougou : MICROSOFT CORPORATION, 2008",,/MICROSOFT//SERVEUR//TECHNOLOGIE//MANAGEMENT/
DVD.015,MICROSOFT LICENSING,Microsoft Windows Vista TM Business : Systems Windows,"Ouagadougou : MICROSOFT CORPORATION, 2008",,/MICROSOFT//WINDOWS VISTA//AFFAIRE//CLIENTELE/
DVD.016,MICROSOFT LICENSING,Windows Servers 2008 R2 Enterprise ; Servers Windows,"Ouagadougou : MICROSOFT CORPORATION, 2008",X64 / 64 - bit,/WINDOWS//SERVEUR//ENTREPRISE//MICROSOFT/
DVD.017,MICROSOFT LICENSING,Microsoft Windows 7 professional : systems Windows,"Ouagadougou : MICROSOFT CORPORATION, 2009",,/MICROSOFT//WINDOWS//CLIENTELE//AFFAIRE/
DVD.018,MICROSOFT LICENSING,Microsoft Exchange Server 2010 standard : Servers,"Ouagadougou : MICROSOFT CORPORATION, 2009",,/MICROSOFT//EXCHANGE//SERVEUR//LOGICIEL/
DVD.019,MICROSOFT LICENSING,Microsoft Office Professional Plus 2010 : applications,"Ouagadougou : MICROSOFT CORPORATION, 2010",,/MICROSOFT OFFICE//LOGICIEL/
DVD.020,MICROSOFT LICENSING,Microsoft SQL Server 2008 R2 Enterprise : Servers,"Ouagadougou : MICROSOFT CORPORATION, 2010",,/MICROSOFT//SQL//SERVEUR//ENTREPRISE/
DVD.021,MICROSOFT LICENSING,Microsoft Office Professional Plus 2010 : Applications,"Ouagadougou : MICROSOFT CORPORATION, 2011",,/MICROSOFT OFFICE//LOGICIEL/
DVD.022,MICROSOFT LICENSING,Microsoft Windows 7 professional : systems Windows,"Ouagadougou : MICROSOFT CORPORATION, 2011",,/MICROSOFT//WINDOWS//CLIENTELE//AFFAIRE/
DVD.023,MICROSOFT LICENSING,Microsoft Windows Server 2008 R2 standard : Servers,"Ouagadougou : MICROSOFT CORPORATION, 2011",,/MICROSOFT//WINDOWS//SERVEUR/
DVD.024,MICROSOFT LICENSING,Microsoft Office Professional Plus 2010 : Applications,"Ouagadougou : MICROSOFT CORPORATION, 2012",w/service Pact 1,/MICROSOFT OFFICE//LOGICIEL/
DVD.025,MICROSOFT LICENSING,Microsoft Office Professional Plus 2013 : Applications,"Ouagadougou : MICROSOFT CORPORATION, 2012",,/MICROSOFT OFFICE//LOGICIEL/
DVD.026,MICROSOFT LICENSING,Microsoft Windows 8 Pro : Systems Windows client :,"Ouagadougou : MICROSOFT CORPORATION, 2012",32-bit x 86 Full,/MICROSOFT//WINDOWS//CLIENTELE//AFFAIRE/
DVD.027,MICROSOFT LICENSING,Microsoft Windows Server 2012 standard : Servers,"Ouagadougou : MICROSOFT CORPORATION, 2012",,/MICROSOFT//WINDOWS//SERVEUR/
DVD.028,MICROSOFT LICENSING,Microsoft Exchange Server standard 2013 : Servers,"Ouagadougou : MICROSOFT CORPORATION, 2012",,/MICROSOFT//EXCHANGE//SERVEUR//LOGICIEL/
DVD.029,SYMANTEC,Veritas Netbackup : Server / Enterprise Server V6.5,"s.l. : SYMANTEC CORPORATION, 2007",,/SYMANTEC//SERVEUR//ENTREPRISE//SECURITE INFORMATIQUE/
CDR.031,,Divers fichiers sauvegardés :,"Ouagadougou : SONABHY, 2004",509 Fichiers ; 7 dossiers,/SONABHY//INFORMATION//COURRIER/
CDR.032,,"Documentation sur le droit commercial, droit fiscal,","s.l. : s.n., 2013",5 fichiers,/DROIT//COMMERCE//FISCALITE//TRAVAIL//AFD//INDICATEUR
CDR.033,MCPEA,Rapport en conseil des ministres adressé au Président,"Ouagadougou : MCPEA, 2004",1 fichier Word,/CONSEIL DE MINSTRE//TAXE//PRODUIT
CDR.034,MICROSOFT,Microsoft Windows Server 2003,"s.l. : MICROSOFT CORPORATION, 2003",8093 fichiers : 57 dossiers,/MICROSOFT//WINDOWS//SERVEUR/
CDR.035,MICROSOFT WINDOWS,Internet Security et acceleration Server 2006,"s.l. : MICROSOFT CORPORATION, 2006",627 fichiers ; 94 dossiers,/INTERNET//SECURITE INFORMATIQUE//SERVEUR/
CDR.036,CISCO,CISCO Catalyst 3560 Serie Switches,"s.l. : CISCO, 2009",73 fichiers ; 11 dossiers,/CISCO//SWITVHES//DOCUMENTATION/
CDR.037,HP DEVELOPMENT COMPANY,HP Proliant Networking Software drivers documentation,"s.l. : HP DEVELOPMENT COMPANY, 2006",713 fichiers ; 91 dossiers,/HP//MATERIEL INFORMATIQUE/
CDR.038,MICROSOFT WINDOWS,Microsoft Windows XP : applications,"s.l. : MICROSOFT CORPORATION, s. d.",13189 fichiers ; 675 dossiers,/MICROSOFT//WINDOWS XP//LOGICIEL/
CDR.039,CANON,ImageFORMULA DR-X10C : document scanner septup disc,"s.l. : CANON ELECTRONICS INC, s. d.",119 fichiers ; 22 dossiers,/document//scanner//numerisation//scannerisation/
REL.001,SONABHY,DISQUE DUR D1-08 : DONNEES INFORMATIQUES AU AOUT 2018,,BASE DE DONNEES,/DONNEE INFORMATIQUE//BASE DE
REL.002,SONABHY,DISQUE DUR N°001 : DONNEES INFORMATIQUES AU JUILLET,,BASE DE DONNEES,/DONNEE INFORMATIQUE//BASE DE
REL.003,SONABHY,DISQUE DUR N°001 : DONNEES INFORMATIQUES AU SEPTEMBRE,,BASE DE DONNEES,/DONNEE INFORMATIQUE//BASE DE
CDR.040,CEIA INTERNATIONAL,Divers rapports sur les travaux de construction des,,,/INFRASTRUCTURE//SONABHY//ROUTE//PARKING//DEPOT DE
CDR.041,CEIA INTERNATIONAL,Divers rapports sur les travaux de construction des,,,/INFRASTRUCTURE//SONABHY//ROUTE//PARKING//DEPOT DE
PHO.040,SONABHY,PRENTATION DE VOEUX DU PERSONNEL A MONSIEUR LE,,PHOTO  EN COUL.,/PRESENTATION DE VOEUX//RESSOURCEHUMAINE//DIRECTEUR
PHO.041,SONABHY,ARBRE DE NOEL,,PHOTO  EN COUL.,/ARBRE DE NOEL//NOEL//PARENT//ENFANT//CADEAU//SONABHY/
PHO.042,SONABHY,ARBRE DE NOEL A LA SONABHY,,PHOTO  EN COUL.,/ARBRE DE NOEL//NOEL//CADEAU//PARENT//ENFANT//SONABHY
PHO.043,SONABHY,ARBRE DE NOEL 2005,,PHOTO  EN COUL.,/ARBRE DE NOEL//NOE//CADEAU//PARENT//ENFANT//SONABHY/
PHO.044,SONABHY,PRESENTATION DE VOEUX A L'OCASION DU NOUVEL AN 2004,,PHOTO  EN COUL.,/PRESENTATION DE VOEUX//NOUVEL AN//RESSOURCE
PHO.045,SONABHY,EXERCICE INCENDI CONJOINT SONABHY -BNSP,,PHOTO  EN COUL.,/EXERCICE//INCENDIE//SECURITE//DEPOT DE
BAN.001,SONABHY,BANDE DE SAUVEGARDE (CARTOUCHE DE DONNEES) : M1J,,,/SAUVEGARDE//BASE DE DONNEES//SONABHY/
BAN.002,SONABHY,BANDE DE SAUVEGARDE (CARTOUCHE DE DONNEES) M2J,,,/SAUVEGARDE//BASEDE DONNEES//SONABHY/
BAN.003,SONABHY,BANDE DE SAUVEGARDE (CARTOUCHE DE DONNEES) M3J,,,/SAUVEGARDE//BASEDE DONNEES//SONABHY/
BAN.004,SONABHY,BANDE DE SAUVEGARDE (CARTOUCHE DE DONNEES) M4J,,,/SAUVEGARDE//BASE DE DONNEES//SONABHY/
BAN.005,SONABHY,BANDE DE SAUVEGARDE (CARTOUCHE DE DONNEES) M5J,,,/SAUVEGARDE//BASE DE DONNEES//SONABHY/
BAN.006,SONABHY,BANDE DE SAUVEGARDE (CARTOUCHE DE DONNEES) M6J,,,/SAUVEGARDE//BASEDE DONNEES//SONABHY/
BAN.007,SONABHY,BANDE DE SAUVEGARDE (CARTOUCHE DE DONNEES) M7J,,,/SAUVEGARDE//BASE DE DONNEES//SONABHY/
BAN.008,SONABHY,BANDE DE SAUVEGARDE (CARTOUCHE DE DONNEES) M8J,,,/SAUVEGARDE//BASE DE DONNEES//SONABHY/
BAN.009,SONABHY,BANDE DE SAUVEGARDE (CARTOUCHE DE DONNEES) M9J,,,/SAUVEGARDE//BASE DE DONNEES//SONABHY/
BAN.010,SONABHY,BANDE DE SAUVEGARDE (CARTOUCHE DE DONNEES) M10J,,,/SAUVEGARDE//BASE DE DONNEES//SONABHY/
BAN.011,SONABHY,BANDE DE SAUVEGARDE (CARTOUCHE DE DONNEES) M11J,,,/SAUVEGARDE//BASE DE DONNEES//SONABHY/
BAN.012,SONABHY,BANDE DE SAUVEGARDE (CARTOUCHE DE DONNEES) M12J,,,/SAUVEGARDE//BASE DE DONNEES//SONABHY/
BAN.013,SONABHY,BANDE DE SAUVEGARDE (CARTOUCHE DE DONNEES) M13J,,,/SAUVEGARDE//BASE DE DONNEES//SONABHY/
BAN.014,SONABHY,BANDE DE SAUVEGARDE (CARTOUCHE DE DONNEES) M14J,,,/SAUVEGARDE//BASE DE DONNEES//SONABHY/
BAN.015,SONABHY,BANDE DE SAUVEGARDE (CARTOUCHE DE DONNEES) M15J,,,/SAUVEGARDE//BASE DE DONNEES//SONABHY/
BAN.016,SONABHY,BANDE DE SAUVEGARDE (CARTOUCHE DE DONNEES) M16J,,,/SAUVEGARDE//BASE DE DONNEES//SONABHY/
BAN.017,SONABHY,BANDE DE SAUVEGARDE (CARTOUCHE DE DONNEES) M17J,,,/SAUVEGARDE//BASE DE DONNEES//SONABHY/
BAN.018,SONABHY,BANDE DE SAUVEGARDE (CARTOUCHE DE DONNEES) M18J,,,/SAUVEGARDE//BASE DE DONNEES//SONABHY/
BAN.019,SONABHY,BANDE DE SAUVEGARDE (CARTOUCHE DE DONNEES) M19J,,,/SAUVEGARDE//BASE DE DONNEES//SONABHY/
BAN.020,SONABHY,BANDE DE SAUVEGARDE (CARTOUCHE DE DONNEES) M20J,,,/SAUVEGARDE//BASE DE DONNEES//SONABHY/
BAN.021,SONABHY,BANDE DE SAUVEGARDE (CARTOUCHE DE DONNEES) M21J,,,/SAUVEGARDE//BASE DE DONNEES//SONABHY/
BAN.022,SONABHY,BANDE DE SAUVEGARDE (CARTOUCHE DE DONNEES) M22J,,,/SAUVEGARDE//BASE DE DONNEES//SONABHY/
BAN.023,SONABHY,BANDE DE SAUVEGARDE (CARTOUCHE DE DONNEES) M23J,,,/SAUVEGARDE//BASE DE DONNEES//SONABHY/
BAN.024,SONABHY,BANDE DE SAUVEGARDE (CARTOUCHE DE DONNEES) M24J,,,/SAUVEGARDE//BASE DE DONNEES//SONABHY/
BAN.025,SONABHY,BANDE DE SAUVEGARDE (CARTOUCHE DE DONNEES) M25J,,,/SAUVEGARDE//BASE DE DONNEES//SONABHY/
BAN.026,SONABHY,BANDE DE SAUVEGARDE (CARTOUCHE DE DONNEES) M26J,,,/SAUVEGARDE//BASE DE DONNEES//SONABHY/
BAN.027,SONABHY,BANDE DE SAUVEGARDE (CARTOUCHE DE DONNEES) M27J,,,/SAUVEGARDE//BASE DE DONNEES//SONABHY/
BAN.028,SONABHY,BANDE DE SAUVEGARDE (CARTOUCHE DE DONNEES) M28J,,,/SAUVEGARDE//BASE DE DONNEES//SONABHY/
BAN.029,SONABHY,BANDE DE SAUVEGARDE (CARTOUCHE DE DONNEES) M29J,,,/SAUVEGARDE//BASE DE DONNEES//SONABHY/
BAN.029,SONABHY,BANDE DE SAUVEGARDE (CARTOUCHE DE DONNEES) M29J,,,/SAUVEGARDE//BASE DE DONNEES//SONABHY/
BAN.030,SONABHY,BANDE DE SAUVEGARDE (CARTOUCHE DE DONNEES) M30J,,,/SAUVEGARDE//BASE DE DONNEES//SONABHY/
BAN.031,SONABHY,BANDE DE SAUVEGARDE (CARTOUCHE DE DONNEES) M31J,,,/SAUVEGARDE//BASE DE DONNEES//SONABHY/
BAN.032,SONABHY,BANDE DE SAUVEGARDE (CARTOUCHE DE DONNEES) M32J,,,/SAUVEGARDE//BASE DE DONNEES//SONABHY/
BAN.033,SONABHY,BANDE DE SAUVEGARDE (CARTOUCHE DE DONNEES) M33J,,,/SAUVEGARDE//BASE DE DONNEES//SONABHY/
BAN.034,SONABHY,BANDE DE SAUVEGARDE (CARTOUCHE DE DONNEES) M34J,,,/SAUVEGARDE//BASE DE DONNEES//SONABHY/
BAN.035,SONABHY,BANDE DE SAUVEGARDE (CARTOUCHE DE DONNEES) M35J,,,/SAUVEGARDE//BASE DE DONNEES//SONABHY/
CDR.042,SONABHY,DONNEES SUR LA FACTURATION : CD-ROM DU OFFICE PRO 2003,,80 minutes,/BASE DE DONNEES// FACTURATION// SONABHY/
CDR.043,SONABHY,DONNEES SUR LA FACTURATION : CD-ROM DU 25 AOUT 2005,,80 minutes,/BASE DE DONNEES// FACTURATION// SONABHY/
CDR.044,SONABHY,DONNEES SUR LA FACTURATION : CD-ROM DU 05 SEPTEMBRE,,80 minutes,/BASE DE DONNEES// FACTURATION// SONABHY/
CDR.045,SONABHY,"DONNEES SUR LA FACTURATION : CD-ROM DU 1er,",,80 minutes,/BASE DE DONNEES// FACTURATION// SONABHY/
CDR.046,SONABHY,DONNEES SUR LA FACTURATION : CD-ROM DU 07 SEPTEMBRE,,80 minutes,/BASE DE DONNEES// FACTURATION// SONABHY/
CDR.047,SONABHY,DONNEES SUR LA FACTURATION : CD-ROM DU 20 SEPTEMBRE,,80 minutes,/BASE DE DONNEES// FACTURATION// SONABHY/
CDR.048,SONABHY,DONNEES SUR LA FACTURATION : CD-ROM DU 1er SEPTEMBRE,,80 minutes,/BASE DE DONNEES// FACTURATION// SONABHY/
CDR.049,SONABHY,DONNEES SUR LA FACTURATION : CD-ROM DU 12 SEPTEMBRE,,80 minutes,/BASE DE DONNEES// FACTURATION// SONABHY/
CDR.050,SONABHY,DONNEES SUR LA FACTURATION : CD-ROM DU 13 SEPTEMBRE,,80 minutes,/BASE DE DONNEES// FACTURATION// SONABHY/
CDR.051,SONABHY,DONNEES SUR LA FACTURATION : CD-ROM DU 22 SEPTEMBRE,,80 minutes,/BASE DE DONNEES// FACTURATION// SONABHY/
CDR.052,SONABHY,DONNEES SUR LA FACTURATION : CD-ROM DU 23 SEPTEMBRE,,80 minutes,/BASE DE DONNEES// FACTURATION// SONABHY/
CDR.053,SONABHY,DONNEES SUR LA FACTURATION : CD-ROM DU 06 OCTOBRE 2005,,80 minutes,/BASE DE DONNEES// FACTURATION// SONABHY/
CDR.054,SONABHY,DONNEES SUR LA FACTURATION : CD-ROM DU 17 OCTOBRE 2005,,80 minutes,/BASE DE DONNEES// FACTURATION// SONABHY/
CDR.055,SONABHY,DONNEES SUR LA FACTURATION : CD-ROM DU 1er MARSS 2006,,80 minutes,/BASE DE DONNEES// FACTURATION// SONABHY/
CDR.056,SONABHY,DONNEES SUR LA FACTURATION : CD-ROM DU 03 MARS 2006,,80 minutes,/BASE DE DONNEES// FACTURATION// SONABHY/
CDR.057,SONABHY,DONNEES SUR LA FACTURATION : CD-ROM DU 03 MARS 2006,,80 minutes,/BASE DE DONNEES// FACTURATION// SONABHY/
CDR.058,SONABHY,DONNEES SUR LA FACTURATION : CD-ROM DU 06 MARS 2006,,80 minutes,/BASE DE DONNEES// FACTURATION// SONABHY/
CDR.059,SONABHY,"DONNEES SUR LA FACTURATION : CD-ROM DU 09 MARS 2006,",,80 minutes,/BASE DE DONNEES// FACTURATION// SONABHY/
CDR.060,SONABHY,DONNEES SUR LA FACTURATION : CD-ROM DU 10 MARS 2006,,80 minutes,/BASE DE DONNEES// FACTURATION// SONABHY/
CDR.061,SONABHY,DONNEES SUR LA FACTURATION : CD-ROM DU 10 MARS 2006,,80 minutes,/BASE DE DONNEES// FACTURATION// SONABHY/
CDR.062,SONABHY,DONNEES SUR LA FACTURATION : CD-ROM DU 17 MARS 2006,,80 minutes,/BASE DE DONNEES// FACTURATION// SONABHY/
CDR.063,SONABHY,DONNEES SUR LA FACTURATION : CD-ROM DU 20 MARS 2006,,80 minutes,/BASE DE DONNEES// FACTURATION// SONABHY/
CDR.064,SONABHY,DONNEES SUR LA FACTURATION : CD-ROM DU 20 MARS 2006,,80 minutes,/BASE DE DONNEES// FACTURATION// SONABHY/
CDR.065,SONABHY,DONNEES SUR LA FACTURATION : CD-ROM DU 26 MARS 2006,,80 minutes,/BASE DE DONNEES// FACTURATION// SONABHY/
CDR.066,SONABHY,DONNEES SUR LA FACTURATION : CD-ROM DU 31 MARS 2006,,80 minutes,/BASE DE DONNEES// FACTURATION// SONABHY/
CDR.067,SONABHY,DONNEES SUR LA FACTURATION : CD-ROM DU 21 MARS 2006,,80 minutes,/BASE DE DONNEES// FACTURATION// SONABHY/
CDR.068,SONABHY,DONNEES SUR LA FACTURATION : CD-ROM DU 21 MARS 2006,,80 minutes,/BASE DE DONNEES// FACTURATION// SONABHY/
CDR.069,SONABHY,DONNEES SUR LA FACTURATION : CD-ROM DU 23 MARS 2006,,80 minutes,/BASE DE DONNEES// FACTURATION// SONABHY/
CDR.070,SONABHY,DONNEES SUR LA FACTURATION : CD-ROM DU 24 MARS 2006,,80 minutes,/BASE DE DONNEES// FACTURATION// SONABHY/
CDR.071,SONABHY,DONNEES SUR LA FACTURATION : CD-ROM DU 13 AVRIL 2006,,80 minutes,/BASE DE DONNEES// FACTURATION// SONABHY/
CDR.072,SONABHY,DONNEES SUR LA FACTURATION : CD-ROM DU VENDREDI 14,,80 minutes,/BASE DE DONNEES// FACTURATION// SONABHY/
DIS.003,SONABHY,BASE DE DONNEES PETROL : FICHIER DE DEFINITION,,,/BASE DE DONNEES// PETROL// ARCHIVES //SONABHY/
DIS.004,SONABHY,BASE DE DONNEES PETROL : ISO : EXPORTATION,,,/BASE DE DONNEES// ARCHIVES //SONABHY/
DIS.005,SONABHY,BASE DE DONNEES DECOM : FICHIER DE DEFINITION,,,/BASE DE DONNEES// ARCHIVES//SONABHY/
DIS.006,SONABHY,BASE DE DONNEES DECOM ISO : EXPORTATION,,,/BASE DE DONNEES// ARCHIVES //SONABHY/
DIS.007,SONABHY,BASE DE DONNEES DADFI : FICHIER DE DEFINITION,,,/BASE DE DONNEES//DADFI// ARCHIVES//SONABHY/
DIS.008,SONABHY,BASE DE DONNEES DADFI : EXPORTATION,,,/BASE DE DONNEES// ARCHIVES //SONABHY/
DIS.009,SONABHY,BASE DE DONNEES DIGEN : FICHIER DE DEFINITION,,,/BASE DE DONNEES// DIGEN//ARCHIVES //SONABHY/
DIS.010,SONABHY,BASE DE DONNEES DIGEN.ISO : FICHIER D'EXPORTATION,"OUAGADOUGOU : SONABHY, s.d.",,/BASE DE DONNEES//ARCHIVES//DIGEN//SONABHY/
DIS.011,SONABHY,BASE DE DONNEES INCONNUE,,,/BASE DE DONNEES //SONABHY/
DIS.012,SONABHY,BASE DE DONNEES INCONNUE,,,/BASE DE DONNEES// INCONNUE //SONABHY/
AUD.001,SONABHY,BASE DE DONNEES SUR SAUVEGARDE COMPLETTE DU MARDI 03,,,/BASE DE DONNEE//INCONNUE //SONABHY/
DIS.012,,,,,
AUD.001,,,,,
REL.004,SONABHY,Disque dur externe de sauvegarde de données,,,/DONNEE INFORMATIQUE//DONNEE
REL.005,SONABHY,SYSTEME D'INFORMATION :DONNEE INFORMATIQUE: DISQUE DUR,,,DONNEE INFORMATIQUESAUVEGARDE BDJDESONABHY
REL.006,SONABHY,SYSTEME D'INFORMATION :DONNEE INFORMATIQUE: DISQUE DUR,,,DONNEE INFORMATIQUEKIRASAUVEGARDE SONABHY
REL.007,SONABHY,,,,DONNEE INFORMATIQUESONABHYBASEXRTJDE ENTRIPRISE
REL.008,SONABHY,,,,DONNEE INFORMATIQUESONABHYSIEVDEBDD
REL.009,SONABHY,,"OUAGADOUGOU : SONABHY, 2023",,DONNEE INFORMATIQUESONABHYSIEVDEBDDGAZ
REL.010,SONABHY,,,,DONNEE INFORMATIQUESONABHYSIEVDEBDDDOCUBASE
REL.011,SONABHY,Données informatiques : Sauvegarde des données,"Ouagadougou : SONABHY, 2023",,/DONNEE INFORMATIQUE//BASE DE
REL.012,SONABHY,Données informatiques : HDD 1023-01 : SAUVEGARDE DE,"Ouagadougou : SONABHY, 2023",DISQUE DUR EXTERNE,/DONNEES INFORMATIQUE//BASES DE
REL.013,SONABHY,Données informatiques : HDD 1023-02 : Sauvegarde BD,"Ouagadougou : SONABHY, 2023",,/DONNEES INFORMATIQUE//BASES DE
REL.014,SONABHY,Données informatiques : Sauvegarde du 15012024 : BD,"Ouagadougou : SONABHY, 2024",DISQUE DUR EXTERNE,/DONNEE INFORMATIQUE//BASE DE
PHO.046,SONABHY,ATELIER BROW-BAG SUR LE MECANISME FIXATION DES PRISE,,PHOTO  EN COUL.,/ HYDROCARBURE//PRIX//FORMATION//BROW-BAG//SONABHY/
PHO.047,SONABHY,ACTIVITE SPORTIVES :AS SONABHY,,PHOTO  EN COUL.,/ SPORT//AS-SONABHY//HAND-BALL//FOOTBALL/
PHO.048,SONABHY,PRESENTATION DE VOEUX DE LA SONABHY EN 2018,,107 PHOTOS  EN COUL.,/ PRESENTATION VOEUX//NOUVEL AN//SONABHY/
PHO.049,SONABHY,CEREMONIE DE REMISE OFFICIELLE DE 02 BUS A LA MUTUELLE,,68 PHOTOS  EN COUL.,/SONABHY//BUS//MUTRAS
PHO.050,SONABHY,CEREMONIE DE PASSATION DE CHARGE ENTRE PARE NAZAIRE,,54 PHOTOS  EN COUL.,/PASSATION DE CHARGE//PARE NAZAIRE//ILBOUDO SEYDOU/
PHO.051,SONABHY,CEREMONIE D'HOMMAGE ET DE RECONNAISSANCE DES ANCIENS,,74 PHOTOS  EN COUL.,/HOMMAGE//ANCIEN DIRECTEUR
PHO.052,SONABHY,JOURNEE DE CONVENTION DU PERSONNEL SUR LE LANCEMENT DU,,122 PHOTOS  EN COUL.,/LANCEMENT//PROJET INFORMATIQUE//PROGICIEL DE GESTION
PHO.053,SONABHY,CEREMONIE DE PASSATION DE CHARGE ENTRE HILAIRE KABORE,,54 PHOTOS  EN COUL.,/CEREMONIE DE PASSATION//PASSATION//HILAIRE
PHO.054,SONABHY,ATELIER SUR LA CHAINE LOGISTIQUE DU GAZ BUTANE,,120 PHOTOS  EN COUL.,/GAZ BUTANE//CONSOMMATEUR//ECONOMIE//LOGISTIQUE/
PHO.055,SONABHY,CEREMONIE DE LANCEMENT DES TRAVAUX D'EXTENSION DES,,120 PHOTOS  EN COUL.,/EXTENSION//DEPOT BINGO//LANCEMENT//DEPOT BOBO/
PHO.056,SONABHY,PASSATION DE FONCTION ENTRE LE PCA SORTANT SEYDOU,,77 PHOTOS  EN COUL.,/PASSATION CHARGE//ILBOUDO SEYDOU//YONLI HONORE
PHO.057,SONABHY,CEREMONIE DE POT D'AUREVOIR AUX RETRAITES DE LA,,90 PHOTOS  EN COUL.,/RETRAITE//DEPART A LA
PHO.058,SONABHY,SIGNATURE DE CONVENTION CADRE DE PARTENARIAT SONABHY,,58 PHOTOS  EN COUL.,/PARTENARIAT//SONABHY//CMABF//SIGNATURE
REL.015,SONABHY,DONNEES INFORMATIQUES: DISQUE DUR HDD0224-01 DU,,DISQUE DUR EXTERNE,/BASE DE DONNEE//INFORMATIQUE//SAUVEGARDE/
REL.016,SONABHY,DONNEES INFORMATIQUES : DISQUE DUR HDD0224-02 DU,,DISQUE DUR,/BASE DE DONNEE//INFORMATIQUE//SAUVEGARDE/
REL.017,SONABHY,DONNEES INFORMATIQUES : DISQUE DUR HDD0224-02 DU,,DISQUE DUR,/BASE DE DONNEE//INFORMATIQUE//SAUVEGARDE//JDE//DONNEE
REL.019,SONABHY,DONNEES INFORMATIQUES : DISQUE DUR HDD0424-01,,DISQUE DUR,/GED//GAZBUTANE//RESSOURCE HUMAINE//CONTRAT/DONNE
REL.020,SONABHY,DISQUE DUR :,,DISQUE DUR,/GED// INFORMATIQUE//BASE DE DONNEE//SERVEUR/
REL.021,SONABHY,DISQUE DUR :  HDD0624-02:172.20.10.201;,,DISQUE DUR,/ INFORMATIQUE//BASE DE DONNEE//MAARCH/
REL.022,SONABHY,DISQUE DUR :  HDD0624-03:172.20.10.100;,,DISQUE DUR,/ INFORMATIQUE//BASE DE DONNEE//WEB//SERVEUR/
REL.023,SONABHY,DISQUE DUR :  HDD0624-04:192.20.168.0.100;,,DISQUE DUR,/ INFORMATIQUE//BASE DE
REL.024,SONABHY,DISQUE DUR :  HDD0624-05:DOCUBASE(13-04-2024,,DISQUE DUR,/ INFORMATIQUE//BASE DE DONNEE//JDE//DISQUE
REL.025,SONABHY,[DONNEES INFORMATIQUES]:DISQUE DUR HDD 1224-01: GEDBDD,,DISQUE DUR,/BASE DE DONNEE/ /ARCHIVAGE ELECTRONIQUE/ /DOCUBASE/
REL.026,SONABHY,[DONNEES INFORMATIQUES]:DISQUE DUR HDD 1224-02: GEDBDD,,1 disque dur,/BASE DE DONNEE/ /ARCHIVAGE ELECTRONIQUE/ /DOCUBASE/
REL.027,SONABHY,[DONNEES INFORMATIQUES] : DISQUE DUR,,1 DISQUE DUR,/BASE DE DONNEE/ /JDE/ /DONNE INFORMATIQUE/ /GESTION
REL.028,SONABHY,[DONNEES INFORMATIQUES]: DISQUE DUR HDD1224-4:,,1 Disque dur,/BASE DE DONNEE/ /COURRIER/ /DISQUE DUR/ /DONNEE
REL.029,SONABHY,[DONNEES INFORMATIQUES]: DISQUE DUR HDD1224-05:,,1 disque dur,/BASE DE DONNEE/ /DONNEE INFORMATIQUE/ /COURRIER/
REL.030,SONABHY,[DONNEES INFORMATIQUES]: DISQUE DUR HDD 1224-06 :,,1 disque dur,/BASE DE DONNEE/ /DISQUE DUR/ /DONNEE INFORMATIQUE/
REL.031,SONABHY,[DONNEES INFORMATIQUES]: DISQUE DUR HDD 1224-07:,,1 disque dur,/BASE DE DONNEE/ DONNEE INFORMATIQUE/ /KIRA/ /COURRIER/
USB.001,SONABHY,ARBRE DE NOEL DES ENFANTS DES EMPLOYES DE LA SONABHY,,1 CLEE USB,/DECISION/ /NUMERISATION/ /ARBRE DE NOEL/ /SONABHY/
CDR.073,SONABHY,[DOCUBASE: Fichiers et données informatiques de la,,1 CD - ROM,/DONNEE INFORMATIQUE/ /DOCUBASE/ /FINCOMPT/ /FICHIER
DVD. 030,SOCIETE NATIONALE BURKINABE D'HYDROCARBURE,ARBRE DE NOEL DE LA SOCIETE NATIONALE BURKINABE,,1 HEURE 35 MINUTES 14 SECONDES,/ARBRE DE NOEL//NOEL//SOCIETE NATIONALE BURKINABE
DVD. 031,SOCIETE NATIONALE BURKINABE D'HYDROCARBURES,SORTIE DETENTE SUR KOUBRI AU PROFIT DU PERSONNEL DE LA,,1 HEURE 45 MINUTES 53 SECONDES,/SORTIE DETENTE//KOUBRI//PERSONNEL //SOCIETE NATIONALE
DVD.032,SOCIETE NATIONALE BURKINABE D'HYDROCARBURES,FINALES DU CHAMPIONNAT NATIONAL DE HAND- BALL SENOIR,,44 SECONDES,/FEDERATION BURKINABE//HAND-BALL//CHAMPIONAT
DVD.033,SOCIETE NATIONALE BURKINABE D'HYDROCARBURES,CHAMPIONAT NATIONAL DE HAND-BALL SESSION 2009-2010:,,53 SECONDES,/CATEGORIE JUNIOR//CHAMPIONAT NATIONAL//HAND-BALL/
DVD.034,SOCIETE NATIONALE BURKINABE D'HYDROCARBURES,ARBRE DE NOEL SOCIETE NATIONALE BURKINABE,,1 HEURE 21 MINUTES 37 SECONDES,/ARBRE DE NOEL//NOEL//SOCIETE NATIONALE BURKINABE
DVD. 035,SOCIETE NATIONALE BURKINABE D'HYDROCARBURES,SPOT TELEVISION SOCIETE NATIONALE BURKINABE,,1 MINUTE 4 SEXONDES;  1 MINUTE 48 SECONDE; 54 SECONDES,/SPOT TELEVISION//SECURITE//GAZ DOMESTIQU// SOCETE
DVD. 036,SOCIET NATIONALE BURKINABE D'HYDROCARBURES,L'ASSOCIATION POUR LA SAUVEGARDE DES MASQUES,,,/ASSOCIATION // CULTURE//SAUVEGARDE//UNION ECONOMIQUE
DVD. 037,SOCIETE NATIONALE BURKINABE D'HYDROCARBURES,COMMMERATION DU 30 EME ANNIVERSAIRE DE LA SOCIETE,,2 HEURES 30 MINUTES,/ COMMEMORATION// ANNIVERSAIRE// SOCIETE NATIONALE
CDR. 075,SOCIETE NATIONALE BURKINABE D'HYDROCARBURES,UNE ENTREPRISE CITOYENNE AU SERVICE DE L'ECONOMIE ET,,1 HEURE 49 MINUTES 08 SECONDES,/SOCIETE NATIONALE BURKINABE
CDR. 076,SOCIETE NATIONALE BURKINABE D'HYDROCARBURES,UNE SOCIETE CITOYENNE AU SERVIC DE L'ECONOMIE ET DU,,13 MINUTES 36 SECONDES,/SOCIETE CITOYENNE//RADIODIFFUSION// ECONOMIE//SOCIETE
CDR. 077,SOCIETE NATIONALE BURKINABE D'HYDROCARBURES DDEPOT DE,EXERCICE INCENDIE FEU REEL,,19 MINUTES 05 SECONDES,/INCENDIE// BINGO//DEPOT// SOCIETE NATIONALE BURKINABE
CDR.078,SOCIETE NATIONALE BURKINABE D'HYDROCARBURES,"LA SOCIETE NATIONALE BURKINABE D'HYDROCARBURES,",,26 MINUTES 09 SECONDES,/SOCIETE NATIONALE BURKINABE D'HYROCARBURE//MISSION//
CDR.079,SOCIETE NATIONALE BURKINABE D'HYDROCARBURES,CONFERENCE DE PRESSE POUR S'ENTRETENIR AVEC LES MEDIAS,,3 minutes,/CONFERENCE DE PRESSE// MEDIA NATIONAL//PERTURBATION
CDR. 080,SOCIETE NATIONALE BURKINABE D'HYDROCARBURES,EXERCIEC DE STIMULATION D'INCENDIE,,53 MINUTES 28 SECONDES,/EXERCIE DE STIMULATION// INCENDIE/
CDR. 081,SOCIETE NATIONALES BURKINABE D'HYDROCARBURES,SERCURITE-QUALITE AUJORD'HUI ET DEMAIN,,05 MINUTES 24 SECONDES,/SECURITE// QUALITE// AUJORD'HUI// DEMAIN/
DISC. 013,,PROPHETHIE: SPECIALE DEDICACE A MONSIEUR LE DIRECTEUR,,1 HEURE 8 MINUTES 16 SECONDES,/VITALO//PROTHETIE//SPECIALE//DEDICACE//DIRECTEUR
DVD. 038,PORT AUTONOME D'ABIDJAN,PORT AUTONOME D'ADIDJIAN: UNE REFERENCE INTERNATIONALE,,113 MINUTES; 13 MINUTES ; 7 MINUTES; 53 SECONDES,/PORT AUTONOME//PORT SUR// PORT AUTONOME D'ABIDJAN//
PHO. 059,UNION D'ACTION SYNDICALE DU BURKINAFAO,LES CENTRALES SYNDICALES ET LES SYNDICATS AUTONOMES,,80 PHOTO EN COUL.,/CENTRALE SYNDICALE// SYNDICAT AUTONOME//JOURNEE
PHO.060,SOCIETE NATIONALE BURKINABE DQ4QHYDROCARBURES,COMMUNAUTE PORTUAIRE DE LOME,,31 PHOTO EN COUL.,/ COMMUNAUTE PORTUAIRE//LOME/
REL. 032,SOCIETE NATIONALE BURKINABE D'HYDROCARBURES,DIRECTION DE LA COMMUNICATION ET DES RELATIONS,,,/INORMATIQUE//BASE DE DONNEES//
REL.033,SOCIETE NATIONALE BURKINABE D'HYDROCARBURES,DIRECTION DE LA COMMUNICATION ET DES RELATIONS,,,
PHO. 061,SOCIETE NATIONALE BURKINABE D'HYDROCARBURES,VISITE DE LA DIRECTION GENERALE SUR LES CHANTIERS DU,,,/DEPOT DE BINGO// VISITE// DIRECTION GENERALE//
PPHO.062,SOCIETE NATIONALE BURKINABE D'HYROCARBURES,ARBRE DE NOEL,,,/SOCIETE NATIONALE BURKINABE D'HYDROCARBURE// ARBRE DE
PHO. 063,SOCIETE NATIONALE BURKINABE D'HYDROCARBURE,,,,
PHO. 064,SOCIETE NATIONALE BURKINABE D'HYdrocarbures,,,,
PHO. 065,SOCIETE NATIONALE BURKINABE D'HDROCARBURES,PRESENTATION DE VOEUX AU DEPOT DE BINGO,,PHOTOS EN COUL.,/DEPOT DE BINGO//
PHO. 066,SOCIETE NATIONALE BURKINABE D'HYDROCARBURES,PRESENTATION DE VOEUX DU PERSONNEL DE JANVIER 2016,,PHOTOS ENN COUL.,/PRESENTATION DE VOEUX//RESSOURCE HUMAINE// SOCIETE
PHO. 067,SOCIETE NATIONALE BURKINABE DQ4QHYDROCARBURES,ARBREV DE NOEL DE LA SOCIETE NATIONALE BURKINABE,,PHOTO EN COUL.,/ARBRE DE NOEL//ENFANCE//SOCIETE NATIONALE BURKINABE
